ID,Rank1,Rank2,Rank3,Rank4,Rank5,Decision
ABBV,0.1508,0.2244,0.2348,0.2334,0.1566,0.12365
ACN,0.2654,0.1622,0.1432,0.1594,0.2698,0.2974
AEP,0.1442,0.2366,0.2462,0.237,0.136,0.1095
AIZ,0.1974,0.2012,0.2054,0.1942,0.2018,0.2024
ALLE,0.2422,0.1756,0.1704,0.176,0.2358,0.26704
