ID,Rank1,Rank2,Rank3,Rank4,Rank5,Decision
ABBV,0.1508,0.235,0.2316,0.2202,0.1624,0.12237
ACN,0.2684,0.15,0.1468,0.1622,0.2726,0.29839
AEP,0.1448,0.2356,0.2578,0.2266,0.1352,0.10705
AIZ,0.1992,0.2062,0.183,0.211,0.2006,0.20393
ALLE,0.2368,0.1732,0.1808,0.18,0.2292,0.26825
