ID,Rank1,Rank2,Rank3,Rank4,Rank5,Decision
ABBV,0.1862,0.2164,0.2128,0.205,0.1796,0.16336
ACN,0.2518,0.171,0.1626,0.1652,0.2494,0.2849
AEP,0.1686,0.2144,0.2174,0.2258,0.1738,0.16787
AIZ,0.1692,0.2132,0.2244,0.2144,0.1788,0.15792
ALLE,0.2242,0.185,0.1828,0.1896,0.2184,0.22596
