ID,Rank1,Rank2,Rank3,Rank4,Rank5,Decision
ABBV,0.1846,0.2148,0.2118,0.2126,0.1762,0.14554
ACN,0.256,0.1614,0.148,0.1682,0.2664,0.31068
AEP,0.139,0.234,0.2472,0.2376,0.1422,0.12706
AIZ,0.19,0.204,0.2174,0.2,0.1886,0.17798
ALLE,0.2304,0.1858,0.1756,0.1816,0.2266,0.23873
