ID,Rank1,Rank2,Rank3,Rank4,Rank5,Decision
ABBV,0.1948,0.2106,0.2004,0.2032,0.191,0.16261
ACN,0.252,0.1682,0.1602,0.1684,0.2512,0.29247
AEP,0.1664,0.2174,0.232,0.2178,0.1664,0.16388
AIZ,0.1658,0.2264,0.227,0.2162,0.1646,0.15229
ALLE,0.221,0.1774,0.1804,0.1944,0.2268,0.22876
