ID,Rank1,Rank2,Rank3,Rank4,Rank5,Decision
ABBV,0.1626,0.2294,0.2318,0.2246,0.1516,0.1242
ACN,0.262,0.1576,0.1452,0.165,0.2702,0.29856
AEP,0.1358,0.2302,0.2578,0.2446,0.1316,0.10797
AIZ,0.1996,0.2072,0.197,0.1956,0.2006,0.20255
ALLE,0.24,0.1756,0.1682,0.1702,0.246,0.26672
