ID,Rank1,Rank2,Rank3,Rank4,Rank5,Decision
ABBV,0.1556,0.2262,0.2464,0.2166,0.1552,0.12431
ACN,0.256,0.161,0.1462,0.1672,0.2696,0.29852
AEP,0.143,0.2372,0.2496,0.24,0.1302,0.10801
AIZ,0.2072,0.1928,0.1966,0.1992,0.2042,0.20765
ALLE,0.2382,0.1828,0.1612,0.177,0.2408,0.26151
