ID,Rank1,Rank2,Rank3,Rank4,Rank5,Decision
ABBV,0.1808,0.2098,0.2166,0.212,0.1808,0.14465
ACN,0.2588,0.166,0.156,0.1666,0.2526,0.29801
AEP,0.1386,0.2344,0.2512,0.237,0.1388,0.13684
AIZ,0.1828,0.2072,0.2076,0.2092,0.1932,0.1818
ALLE,0.239,0.1826,0.1686,0.1752,0.2346,0.2387
