ID,Rank1,Rank2,Rank3,Rank4,Rank5,Decision
ABBV,0.1604,0.2308,0.224,0.2256,0.1592,0.12221
ACN,0.2682,0.1568,0.1558,0.1632,0.256,0.29147
AEP,0.1288,0.2404,0.2584,0.2372,0.1352,0.11053
AIZ,0.2092,0.197,0.1852,0.197,0.2116,0.20688
ALLE,0.2334,0.175,0.1766,0.177,0.238,0.26892
