ID,Rank1,Rank2,Rank3,Rank4,Rank5,Decision
ABBV,0.18,0.211,0.217,0.2092,0.1828,0.14369
ACN,0.264,0.161,0.1512,0.1642,0.2596,0.31136
AEP,0.1388,0.2372,0.2468,0.2402,0.137,0.12502
AIZ,0.1844,0.2078,0.208,0.2128,0.187,0.17836
ALLE,0.2328,0.183,0.177,0.1736,0.2336,0.24157
