ID,Rank1,Rank2,Rank3,Rank4,Rank5,Decision
ABBV,0.1872,0.2202,0.2034,0.2154,0.1738,0.16273
ACN,0.2518,0.1618,0.1614,0.1676,0.2574,0.2923
AEP,0.1696,0.2154,0.2378,0.2118,0.1654,0.16395
AIZ,0.1682,0.2222,0.2124,0.2216,0.1756,0.1523
ALLE,0.2232,0.1804,0.185,0.1836,0.2278,0.22872
