ID,Rank1,Rank2,Rank3,Rank4,Rank5,Decision
ABBV,0.1586,0.224,0.2356,0.224,0.1578,0.1223
ACN,0.2732,0.1522,0.1462,0.1638,0.2646,0.29187
AEP,0.1312,0.2414,0.254,0.2284,0.145,0.11006
AIZ,0.1984,0.2038,0.1942,0.207,0.1966,0.20658
ALLE,0.2386,0.1786,0.17,0.1768,0.236,0.26918
