ID,Rank1,Rank2,Rank3,Rank4,Rank5,Decision
ABBV,0.1582,0.2314,0.2366,0.2232,0.1506,0.12375
ACN,0.2682,0.1548,0.1544,0.1548,0.2678,0.29935
AEP,0.1388,0.2322,0.2464,0.2432,0.1394,0.10762
AIZ,0.2008,0.1966,0.196,0.2012,0.2054,0.20781
ALLE,0.234,0.185,0.1666,0.1776,0.2368,0.26147
