ID,Rank1,Rank2,Rank3,Rank4,Rank5,Decision
ABBV,0.1556,0.2264,0.2226,0.2364,0.159,0.12236
ACN,0.2542,0.172,0.1598,0.1614,0.2526,0.29203
AEP,0.1402,0.2362,0.2518,0.2288,0.143,0.10995
AIZ,0.2046,0.1962,0.195,0.1994,0.2048,0.20651
ALLE,0.2454,0.1692,0.1708,0.174,0.2406,0.26915
