ID,Rank1,Rank2,Rank3,Rank4,Rank5,Decision
ABBV,0.1878,0.2226,0.1964,0.2076,0.1856,0.16006
ACN,0.2574,0.1624,0.1606,0.1662,0.2534,0.29273
AEP,0.1622,0.2196,0.2336,0.2228,0.1618,0.16144
AIZ,0.1668,0.219,0.225,0.2162,0.173,0.15612
ALLE,0.2258,0.1764,0.1844,0.1872,0.2262,0.22965
