ID,Rank1,Rank2,Rank3,Rank4,Rank5,Decision
ABBV,0.1732,0.2124,0.2186,0.2124,0.1834,0.14306
ACN,0.251,0.1708,0.1526,0.1654,0.2602,0.29903
AEP,0.1518,0.2302,0.2528,0.2182,0.147,0.13938
AIZ,0.189,0.2084,0.2052,0.2146,0.1828,0.17922
ALLE,0.235,0.1782,0.1708,0.1894,0.2266,0.2393
