ID,Rank1,Rank2,Rank3,Rank4,Rank5,Decision
ABBV,0.1828,0.21,0.206,0.2242,0.177,0.14226
ACN,0.2638,0.1612,0.1518,0.1652,0.258,0.31145
AEP,0.1354,0.2422,0.253,0.2328,0.1366,0.12852
AIZ,0.1804,0.207,0.2142,0.211,0.1874,0.17844
ALLE,0.2376,0.1796,0.175,0.1668,0.241,0.23933
