ID,Rank1,Rank2,Rank3,Rank4,Rank5,Decision
ABBV,0.1814,0.2038,0.2122,0.2096,0.193,0.16245
ACN,0.258,0.1684,0.1566,0.1738,0.2432,0.29258
AEP,0.1662,0.2122,0.2302,0.2164,0.175,0.16384
AIZ,0.1656,0.2242,0.2216,0.2222,0.1664,0.1523
ALLE,0.2288,0.1914,0.1794,0.178,0.2224,0.22883
