ID,Rank1,Rank2,Rank3,Rank4,Rank5,Decision
ABBV,0.1904,0.2146,0.2116,0.2062,0.1772,0.16049
ACN,0.2508,0.1712,0.159,0.166,0.253,0.2861
AEP,0.164,0.221,0.2226,0.212,0.1804,0.1708
AIZ,0.1748,0.2104,0.223,0.2246,0.1672,0.15542
ALLE,0.22,0.1828,0.1838,0.1912,0.2222,0.22719
