ID,Rank1,Rank2,Rank3,Rank4,Rank5,Decision
ABBV,0.1764,0.211,0.2168,0.2192,0.1766,0.14651
ACN,0.2536,0.1718,0.1546,0.1658,0.2542,0.29547
AEP,0.1594,0.2226,0.2302,0.2216,0.1662,0.15442
AIZ,0.1822,0.2118,0.2224,0.2068,0.1768,0.16895
ALLE,0.2284,0.1828,0.176,0.1866,0.2262,0.23465
