ID,Rank1,Rank2,Rank3,Rank4,Rank5,Decision
ABBV,0.1486,0.2192,0.2458,0.2336,0.1528,0.11965
ACN,0.2646,0.1534,0.153,0.1588,0.2702,0.28786
AEP,0.147,0.2342,0.2428,0.2292,0.1468,0.12428
AIZ,0.2036,0.207,0.1912,0.1992,0.199,0.20494
ALLE,0.2362,0.1862,0.1672,0.1792,0.2312,0.26327
