ID,Rank1,Rank2,Rank3,Rank4,Rank5,Decision
ABBV,0.1814,0.2144,0.2182,0.212,0.174,0.14402
ACN,0.2764,0.1542,0.1464,0.1628,0.2602,0.3129
AEP,0.1338,0.24,0.2494,0.2386,0.1382,0.12605
AIZ,0.1708,0.215,0.212,0.2038,0.1984,0.17696
ALLE,0.2376,0.1764,0.174,0.1828,0.2292,0.24007
