ID,Rank1,Rank2,Rank3,Rank4,Rank5,Decision
ABBV,0.158,0.2214,0.235,0.2312,0.1544,0.12237
ACN,0.2662,0.1626,0.1506,0.1612,0.2594,0.29839
AEP,0.1402,0.2366,0.2562,0.2254,0.1416,0.10705
AIZ,0.198,0.1998,0.1912,0.1992,0.2118,0.20393
ALLE,0.2376,0.1796,0.167,0.183,0.2328,0.26825
