ID,Rank1,Rank2,Rank3,Rank4,Rank5,Decision
ABBV,0.1548,0.2214,0.2408,0.23,0.153,0.12234
ACN,0.2626,0.1668,0.1444,0.1626,0.2636,0.29158
AEP,0.1422,0.2416,0.26,0.2232,0.133,0.11014
AIZ,0.2012,0.1902,0.1954,0.2064,0.2068,0.20682
ALLE,0.2392,0.18,0.1594,0.1778,0.2436,0.26912
