ID,Rank1,Rank2,Rank3,Rank4,Rank5,Decision
ABBV,0.183,0.1986,0.204,0.211,0.2034,0.16084
ACN,0.2596,0.1694,0.153,0.1576,0.2604,0.30064
AEP,0.163,0.2256,0.2332,0.2216,0.1566,0.16275
AIZ,0.1692,0.2174,0.2342,0.2176,0.1616,0.15107
ALLE,0.2252,0.189,0.1756,0.1922,0.218,0.2247
