ID,Rank1,Rank2,Rank3,Rank4,Rank5,Decision
ABBV,0.1526,0.229,0.2412,0.2298,0.1474,0.12233
ACN,0.2736,0.16,0.1366,0.1574,0.2724,0.29191
AEP,0.1378,0.2314,0.2628,0.226,0.142,0.10998
AIZ,0.1946,0.2036,0.1986,0.1992,0.204,0.20658
ALLE,0.2414,0.176,0.1608,0.1876,0.2342,0.26919
