ID,Rank1,Rank2,Rank3,Rank4,Rank5,Decision
ABBV,0.181,0.2092,0.212,0.217,0.1808,0.14342
ACN,0.2578,0.1634,0.1566,0.1628,0.2594,0.3092
AEP,0.1408,0.2326,0.2466,0.236,0.144,0.12354
AIZ,0.1832,0.2076,0.22,0.2016,0.1876,0.18553
ALLE,0.2372,0.1872,0.1648,0.1826,0.2282,0.2383
