ID,Rank1,Rank2,Rank3,Rank4,Rank5,Decision
ABBV,0.1602,0.2218,0.2406,0.2318,0.1456,0.12229
ACN,0.266,0.1588,0.1452,0.1628,0.2672,0.29168
AEP,0.1352,0.2432,0.2486,0.2366,0.1364,0.11017
AIZ,0.2078,0.2034,0.1956,0.1848,0.2084,0.20667
ALLE,0.2308,0.1728,0.17,0.184,0.2424,0.26919
