ID,Rank1,Rank2,Rank3,Rank4,Rank5,Decision
ABBV,0.17,0.2124,0.225,0.2122,0.1804,0.14226
ACN,0.258,0.1648,0.148,0.164,0.2652,0.31145
AEP,0.1418,0.2396,0.2504,0.23,0.1382,0.12852
AIZ,0.193,0.2138,0.2006,0.2062,0.1864,0.17844
ALLE,0.2372,0.1694,0.176,0.1876,0.2298,0.23933
