ID,Rank1,Rank2,Rank3,Rank4,Rank5,Decision
ABBV,0.1626,0.2216,0.2386,0.2226,0.1546,0.12231
ACN,0.2574,0.1586,0.1522,0.1672,0.2646,0.29196
AEP,0.1372,0.2412,0.248,0.232,0.1416,0.11009
AIZ,0.2062,0.1982,0.191,0.2012,0.2034,0.20653
ALLE,0.2366,0.1804,0.1702,0.177,0.2358,0.26912
