ID,Rank1,Rank2,Rank3,Rank4,Rank5,Decision
ABBV,0.1886,0.2122,0.2002,0.2166,0.1824,0.14393
ACN,0.258,0.17,0.159,0.1582,0.2548,0.31041
AEP,0.1402,0.2348,0.2538,0.2332,0.138,0.12585
AIZ,0.1936,0.203,0.204,0.2006,0.1988,0.17907
ALLE,0.2196,0.18,0.183,0.1914,0.226,0.24074
