ID,Rank1,Rank2,Rank3,Rank4,Rank5,Decision
ABBV,0.1568,0.2346,0.2382,0.2226,0.1478,0.12441
ACN,0.2612,0.162,0.1448,0.1586,0.2734,0.2989
AEP,0.144,0.2364,0.2538,0.2326,0.1332,0.10786
AIZ,0.2108,0.1896,0.1878,0.2012,0.2106,0.20747
ALLE,0.2272,0.1774,0.1754,0.185,0.235,0.26137
