ID,Rank1,Rank2,Rank3,Rank4,Rank5,Decision
ABBV,0.1604,0.2222,0.2408,0.222,0.1546,0.12245
ACN,0.266,0.1722,0.1382,0.1548,0.2688,0.29238
AEP,0.141,0.2234,0.2538,0.2406,0.1412,0.10969
AIZ,0.198,0.205,0.1926,0.197,0.2074,0.20644
ALLE,0.2346,0.1772,0.1746,0.1856,0.228,0.26905
