ID,Rank1,Rank2,Rank3,Rank4,Rank5,Decision
ABBV,0.1576,0.2166,0.246,0.2326,0.1472,0.12227
ACN,0.2754,0.1598,0.1404,0.1544,0.27,0.29813
AEP,0.1332,0.2396,0.2494,0.2304,0.1474,0.10906
AIZ,0.2004,0.2018,0.1902,0.2038,0.2038,0.20306
ALLE,0.2334,0.1822,0.174,0.1788,0.2316,0.26749
