ID,Rank1,Rank2,Rank3,Rank4,Rank5,Decision
ABBV,0.1646,0.2218,0.2208,0.2228,0.17,0.12879
ACN,0.2618,0.1644,0.1562,0.161,0.2566,0.28813
AEP,0.1294,0.2364,0.2614,0.2392,0.1336,0.10533
AIZ,0.2108,0.1936,0.1886,0.2004,0.2066,0.21413
ALLE,0.2334,0.1838,0.173,0.1766,0.2332,0.26362
