ID,Rank1,Rank2,Rank3,Rank4,Rank5,Decision
ABBV,0.1964,0.213,0.2016,0.199,0.19,0.16051
ACN,0.2564,0.1726,0.1576,0.1604,0.253,0.30026
AEP,0.1584,0.2156,0.2348,0.238,0.1532,0.16261
AIZ,0.1618,0.2104,0.2328,0.2194,0.1756,0.15146
ALLE,0.227,0.1884,0.1732,0.1832,0.2282,0.22516
