ID,Rank1,Rank2,Rank3,Rank4,Rank5,Decision
ABBV,0.1856,0.2088,0.2132,0.2066,0.1858,0.14652
ACN,0.2596,0.164,0.148,0.1634,0.265,0.30298
AEP,0.1442,0.236,0.2446,0.2396,0.1356,0.12423
AIZ,0.1742,0.2148,0.2204,0.2084,0.1822,0.18517
ALLE,0.2364,0.1764,0.1738,0.182,0.2314,0.2411
