ID,Rank1,Rank2,Rank3,Rank4,Rank5,Decision
ABBV,0.1506,0.2316,0.235,0.235,0.1478,0.12192
ACN,0.2674,0.1594,0.1494,0.1556,0.2682,0.29902
AEP,0.1422,0.2386,0.2548,0.2364,0.128,0.10609
AIZ,0.2026,0.199,0.189,0.2022,0.2072,0.20431
ALLE,0.2372,0.1714,0.1718,0.1708,0.2488,0.26867
