ID,Rank1,Rank2,Rank3,Rank4,Rank5,Decision
ABBV,0.1948,0.2,0.2024,0.206,0.1968,0.16078
ACN,0.254,0.1714,0.1552,0.1618,0.2576,0.30061
AEP,0.1652,0.2138,0.236,0.2222,0.1628,0.16275
AIZ,0.1722,0.2148,0.223,0.2282,0.1618,0.1511
ALLE,0.2138,0.2,0.1834,0.1818,0.221,0.22475
