ID,Rank1,Rank2,Rank3,Rank4,Rank5,Decision
ABBV,0.187,0.204,0.2132,0.2224,0.1734,0.14519
ACN,0.2648,0.1664,0.1452,0.16,0.2636,0.30898
AEP,0.135,0.242,0.246,0.2306,0.1464,0.12283
AIZ,0.1762,0.2146,0.2198,0.204,0.1854,0.1836
ALLE,0.237,0.173,0.1758,0.183,0.2312,0.23941
