ID,Rank1,Rank2,Rank3,Rank4,Rank5,Decision
ABBV,0.1868,0.2132,0.2072,0.2138,0.179,0.14368
ACN,0.2622,0.1682,0.1528,0.1536,0.2632,0.31125
AEP,0.1284,0.2278,0.2674,0.2352,0.1412,0.12509
AIZ,0.195,0.2102,0.1966,0.214,0.1842,0.1784
ALLE,0.2276,0.1806,0.176,0.1834,0.2324,0.24158
