ID,Rank1,Rank2,Rank3,Rank4,Rank5,Decision
ABBV,0.15,0.2262,0.2474,0.221,0.1554,0.1224
ACN,0.2704,0.1472,0.1504,0.1652,0.2668,0.29161
AEP,0.1362,0.2476,0.2462,0.234,0.136,0.11029
AIZ,0.2092,0.196,0.1874,0.2022,0.2052,0.20649
ALLE,0.2342,0.183,0.1686,0.1776,0.2366,0.26922
