ID,Rank1,Rank2,Rank3,Rank4,Rank5,Decision
ABBV,0.1566,0.231,0.2362,0.2348,0.1414,0.11924
ACN,0.2566,0.172,0.1548,0.1596,0.257,0.28571
AEP,0.1532,0.2206,0.2482,0.2308,0.1472,0.12832
AIZ,0.2034,0.2006,0.1916,0.2014,0.203,0.20488
ALLE,0.2302,0.1758,0.1692,0.1734,0.2514,0.26185
