ID,Rank1,Rank2,Rank3,Rank4,Rank5,Decision
ABBV,0.1772,0.2172,0.2128,0.2078,0.185,0.14508
ACN,0.2638,0.1662,0.1486,0.1604,0.261,0.3091
AEP,0.1358,0.2364,0.25,0.2326,0.1452,0.12242
AIZ,0.1868,0.2026,0.2224,0.2124,0.1758,0.18354
ALLE,0.2364,0.1776,0.1662,0.1868,0.233,0.23987
