ID,Rank1,Rank2,Rank3,Rank4,Rank5,Decision
ABBV,0.1518,0.2238,0.2474,0.2264,0.1506,0.11924
ACN,0.27,0.1562,0.1476,0.1642,0.262,0.28571
AEP,0.1406,0.239,0.2516,0.2212,0.1476,0.12832
AIZ,0.2,0.199,0.1904,0.2074,0.2032,0.20488
ALLE,0.2376,0.182,0.163,0.1808,0.2366,0.26185
