ID,Rank1,Rank2,Rank3,Rank4,Rank5,Decision
ABBV,0.1844,0.2214,0.2082,0.213,0.173,0.14226
ACN,0.2656,0.158,0.15,0.1632,0.2632,0.31145
AEP,0.1354,0.2272,0.2618,0.2372,0.1384,0.12852
AIZ,0.1784,0.2158,0.2092,0.2048,0.1918,0.17844
ALLE,0.2362,0.1776,0.1708,0.1818,0.2336,0.23933
