ID,Rank1,Rank2,Rank3,Rank4,Rank5,Decision
ABBV,0.1574,0.2298,0.23,0.2256,0.1572,0.1298
ACN,0.2602,0.1594,0.1444,0.1638,0.2722,0.28944
AEP,0.1374,0.2346,0.2616,0.23,0.1364,0.10562
AIZ,0.2088,0.1982,0.1916,0.1936,0.2078,0.20845
ALLE,0.2362,0.178,0.1724,0.187,0.2264,0.26669
