ID,Rank1,Rank2,Rank3,Rank4,Rank5,Decision
ABBV,0.1812,0.2148,0.2162,0.207,0.1808,0.14226
ACN,0.2582,0.1642,0.1464,0.1632,0.268,0.31145
AEP,0.1408,0.225,0.258,0.232,0.1442,0.12852
AIZ,0.1904,0.2146,0.2104,0.2098,0.1748,0.17844
ALLE,0.2294,0.1814,0.169,0.188,0.2322,0.23933
