ID,Rank1,Rank2,Rank3,Rank4,Rank5,Decision
ABBV,0.1804,0.2094,0.2166,0.2142,0.1794,0.14402
ACN,0.2512,0.1688,0.1564,0.164,0.2596,0.30011
AEP,0.1416,0.2392,0.242,0.23,0.1472,0.13382
AIZ,0.1914,0.2032,0.2086,0.2084,0.1884,0.18422
ALLE,0.2354,0.1794,0.1764,0.1834,0.2254,0.23783
