ID,Rank1,Rank2,Rank3,Rank4,Rank5,Decision
ABBV,0.159,0.2204,0.2374,0.2304,0.1528,0.12402
ACN,0.2642,0.1688,0.1444,0.152,0.2706,0.29713
AEP,0.137,0.2344,0.251,0.2318,0.1458,0.10979
AIZ,0.1982,0.2034,0.1924,0.208,0.198,0.20214
ALLE,0.2416,0.173,0.1748,0.1778,0.2328,0.26692
