ID,Rank1,Rank2,Rank3,Rank4,Rank5,Decision
ABBV,0.1476,0.2344,0.2472,0.2088,0.162,0.12203
ACN,0.2652,0.1602,0.1364,0.164,0.2742,0.29915
AEP,0.1408,0.2302,0.2516,0.2374,0.14,0.10611
AIZ,0.2032,0.1954,0.1956,0.2092,0.1966,0.20364
ALLE,0.2432,0.1798,0.1692,0.1806,0.2272,0.26907
