ID,Rank1,Rank2,Rank3,Rank4,Rank5,Decision
ABBV,0.1802,0.2036,0.2168,0.2142,0.1852,0.16006
ACN,0.2554,0.1656,0.1666,0.1642,0.2482,0.29273
AEP,0.169,0.22,0.222,0.2196,0.1694,0.16144
AIZ,0.1734,0.2222,0.2184,0.2148,0.1712,0.15612
ALLE,0.222,0.1886,0.1762,0.1872,0.226,0.22965
