ID,Rank1,Rank2,Rank3,Rank4,Rank5,Decision
ABBV,0.1838,0.2096,0.21,0.216,0.1806,0.14338
ACN,0.2526,0.1656,0.1554,0.1564,0.27,0.31282
AEP,0.1412,0.244,0.2506,0.228,0.1362,0.1265
AIZ,0.189,0.2052,0.1988,0.2172,0.1898,0.17748
ALLE,0.2334,0.1756,0.1852,0.1824,0.2234,0.23983
