ID,Rank1,Rank2,Rank3,Rank4,Rank5,Decision
ABBV,0.1812,0.2036,0.2172,0.2172,0.1808,0.14404
ACN,0.2602,0.1678,0.1532,0.1668,0.252,0.31265
AEP,0.144,0.229,0.2488,0.2276,0.1506,0.12643
AIZ,0.1828,0.2116,0.2104,0.2076,0.1876,0.17762
ALLE,0.2318,0.188,0.1704,0.1808,0.229,0.23926
