ID,Rank1,Rank2,Rank3,Rank4,Rank5,Decision
ABBV,0.1526,0.229,0.2334,0.2354,0.1496,0.12328
ACN,0.2588,0.1586,0.157,0.1576,0.268,0.29816
AEP,0.1404,0.2404,0.2452,0.2314,0.1426,0.10742
AIZ,0.2084,0.1944,0.2012,0.1922,0.2038,0.20341
ALLE,0.2398,0.1776,0.1632,0.1834,0.236,0.26773
