ID,Rank1,Rank2,Rank3,Rank4,Rank5,Decision
ABBV,0.1786,0.212,0.2102,0.2178,0.1814,0.14402
ACN,0.2636,0.165,0.1558,0.1652,0.2504,0.30011
AEP,0.1474,0.2284,0.2474,0.2276,0.1492,0.13382
AIZ,0.191,0.2064,0.2046,0.2082,0.1898,0.18422
ALLE,0.2194,0.1882,0.182,0.1812,0.2292,0.23783
