ID,Rank1,Rank2,Rank3,Rank4,Rank5,Decision
ABBV,0.1912,0.207,0.2024,0.216,0.1834,0.16108
ACN,0.2562,0.1654,0.1526,0.1588,0.267,0.30051
AEP,0.165,0.2272,0.2332,0.212,0.1626,0.15911
AIZ,0.1668,0.2174,0.2258,0.23,0.16,0.14984
ALLE,0.2208,0.183,0.186,0.1832,0.227,0.22946
