ID,Rank1,Rank2,Rank3,Rank4,Rank5,Decision
ABBV,0.15,0.2252,0.239,0.2318,0.154,0.12223
ACN,0.263,0.1608,0.1524,0.1678,0.256,0.29344
AEP,0.1392,0.2354,0.2538,0.2314,0.1402,0.10859
AIZ,0.2104,0.1958,0.187,0.1962,0.2106,0.20688
ALLE,0.2374,0.1828,0.1678,0.1728,0.2392,0.26886
