ID,Rank1,Rank2,Rank3,Rank4,Rank5,Decision
ABBV,0.18,0.208,0.2178,0.222,0.1722,0.14402
ACN,0.2546,0.1688,0.1534,0.1674,0.2558,0.30011
AEP,0.145,0.235,0.2548,0.2246,0.1406,0.13382
AIZ,0.1904,0.2038,0.2104,0.2028,0.1926,0.18422
ALLE,0.23,0.1844,0.1636,0.1832,0.2388,0.23783
