ID,Rank1,Rank2,Rank3,Rank4,Rank5,Decision
ABBV,0.1822,0.2102,0.2122,0.2082,0.1872,0.1634
ACN,0.2494,0.1664,0.163,0.1736,0.2476,0.28485
AEP,0.1758,0.2184,0.2294,0.2148,0.1616,0.16789
AIZ,0.1786,0.213,0.2132,0.216,0.1792,0.15794
ALLE,0.214,0.192,0.1822,0.1874,0.2244,0.22593
