ID,Rank1,Rank2,Rank3,Rank4,Rank5,Decision
ABBV,0.1854,0.2182,0.2072,0.2162,0.173,0.14402
ACN,0.2494,0.1626,0.1646,0.1664,0.257,0.30011
AEP,0.1502,0.2334,0.243,0.228,0.1454,0.13382
AIZ,0.1922,0.1956,0.2084,0.2126,0.1912,0.18422
ALLE,0.2228,0.1902,0.1768,0.1768,0.2334,0.23783
