ID,Rank1,Rank2,Rank3,Rank4,Rank5,Decision
ABBV,0.1756,0.2168,0.2132,0.2168,0.1776,0.14833
ACN,0.2558,0.1584,0.1592,0.173,0.2536,0.29346
AEP,0.1612,0.2234,0.2404,0.219,0.156,0.15463
AIZ,0.183,0.2154,0.2036,0.2184,0.1796,0.16653
ALLE,0.2244,0.186,0.1836,0.1728,0.2332,0.23705
