ID,Rank1,Rank2,Rank3,Rank4,Rank5,Decision
ABBV,0.1606,0.2198,0.2316,0.2366,0.1514,0.12232
ACN,0.2554,0.1592,0.1564,0.1686,0.2604,0.28634
AEP,0.1456,0.238,0.2424,0.2304,0.1436,0.1237
AIZ,0.2082,0.1952,0.1978,0.1922,0.2066,0.20367
ALLE,0.2302,0.1878,0.1718,0.1722,0.238,0.26397
