ID,Rank1,Rank2,Rank3,Rank4,Rank5,Decision
ABBV,0.15,0.2332,0.2388,0.223,0.155,0.12261
ACN,0.2624,0.1576,0.149,0.1674,0.2636,0.28636
AEP,0.143,0.226,0.2546,0.2332,0.1432,0.12321
AIZ,0.2126,0.195,0.1932,0.1948,0.2044,0.20491
ALLE,0.232,0.1882,0.1644,0.1816,0.2338,0.2629
