ID,Rank1,Rank2,Rank3,Rank4,Rank5,Decision
ABBV,0.151,0.2262,0.2388,0.2302,0.1538,0.12237
ACN,0.2686,0.1596,0.1418,0.1596,0.2704,0.29839
AEP,0.1328,0.234,0.2524,0.2404,0.1404,0.10705
AIZ,0.2028,0.1998,0.205,0.193,0.1994,0.20393
ALLE,0.2448,0.1804,0.162,0.1768,0.236,0.26825
