ID,Rank1,Rank2,Rank3,Rank4,Rank5,Decision
ABBV,0.1754,0.2154,0.2118,0.2126,0.1848,0.14494
ACN,0.263,0.1644,0.153,0.1612,0.2584,0.30917
AEP,0.1434,0.2274,0.2502,0.2304,0.1486,0.122
AIZ,0.182,0.211,0.2126,0.2136,0.1808,0.18351
ALLE,0.2362,0.1818,0.1724,0.1822,0.2274,0.24038
