ID,Rank1,Rank2,Rank3,Rank4,Rank5,Decision
ABBV,0.151,0.2306,0.2348,0.2326,0.151,0.1244
ACN,0.2642,0.1552,0.1522,0.1652,0.2632,0.29839
AEP,0.1386,0.2328,0.2498,0.2296,0.1492,0.10797
AIZ,0.2094,0.204,0.1876,0.1938,0.2052,0.20796
ALLE,0.2368,0.1774,0.1756,0.1788,0.2314,0.26128
