ID,Rank1,Rank2,Rank3,Rank4,Rank5,Decision
ABBV,0.2046,0.1928,0.2008,0.201,0.2008,0.16102
ACN,0.2536,0.1672,0.1548,0.175,0.2494,0.30076
AEP,0.1592,0.2266,0.2362,0.218,0.16,0.16276
AIZ,0.1676,0.2164,0.2258,0.2212,0.169,0.15101
ALLE,0.215,0.197,0.1824,0.1848,0.2208,0.22445
