ID,Rank1,Rank2,Rank3,Rank4,Rank5,Decision
ABBV,0.1474,0.2272,0.2438,0.2246,0.157,0.1228
ACN,0.2656,0.1586,0.148,0.1656,0.2622,0.29597
AEP,0.1432,0.2322,0.253,0.2304,0.1412,0.10962
AIZ,0.1988,0.2138,0.1896,0.1968,0.201,0.20804
ALLE,0.245,0.1682,0.1656,0.1826,0.2386,0.26358
