ID,Rank1,Rank2,Rank3,Rank4,Rank5,Decision
ABBV,0.1624,0.2176,0.236,0.2252,0.1588,0.1245
ACN,0.2598,0.1586,0.146,0.1614,0.2742,0.29848
AEP,0.1494,0.2394,0.2442,0.2296,0.1374,0.10797
AIZ,0.1992,0.2024,0.1906,0.2038,0.204,0.20764
ALLE,0.2292,0.182,0.1832,0.18,0.2256,0.2614
