ID,Rank1,Rank2,Rank3,Rank4,Rank5,Decision
ABBV,0.151,0.229,0.2418,0.229,0.1492,0.12213
ACN,0.2678,0.1514,0.1502,0.1614,0.2692,0.29858
AEP,0.1466,0.2428,0.2458,0.232,0.1328,0.10668
AIZ,0.2016,0.1994,0.1948,0.1994,0.2048,0.20421
ALLE,0.233,0.1774,0.1674,0.1782,0.244,0.2684
