ID,Rank1,Rank2,Rank3,Rank4,Rank5,Decision
ABBV,0.1504,0.2264,0.2382,0.2336,0.1514,0.12424
ACN,0.268,0.1718,0.1418,0.1508,0.2676,0.29912
AEP,0.1464,0.2258,0.2526,0.2322,0.143,0.10762
AIZ,0.2064,0.2006,0.1892,0.2012,0.2026,0.20757
ALLE,0.2288,0.1754,0.1782,0.1822,0.2354,0.26145
