ID,Rank1,Rank2,Rank3,Rank4,Rank5,Decision
ABBV,0.1476,0.2316,0.2568,0.2308,0.1332,0.12128
ACN,0.2634,0.162,0.1452,0.1646,0.2648,0.28984
AEP,0.1546,0.2222,0.2476,0.2302,0.1454,0.12359
AIZ,0.2012,0.1978,0.1874,0.202,0.2116,0.20338
ALLE,0.2332,0.1864,0.163,0.1724,0.245,0.26191
