ID,Rank1,Rank2,Rank3,Rank4,Rank5,Decision
ABBV,0.1888,0.2084,0.2086,0.207,0.1872,0.16051
ACN,0.248,0.1774,0.1614,0.166,0.2472,0.2858
AEP,0.1766,0.2098,0.2216,0.2156,0.1764,0.17095
AIZ,0.1664,0.2212,0.2216,0.2194,0.1714,0.15547
ALLE,0.2202,0.1832,0.1868,0.192,0.2178,0.22726
