ID,Rank1,Rank2,Rank3,Rank4,Rank5,Decision
ABBV,0.1542,0.2262,0.2438,0.2224,0.1534,0.12235
ACN,0.267,0.1612,0.142,0.157,0.2728,0.292
AEP,0.138,0.231,0.2578,0.239,0.1342,0.11001
AIZ,0.2058,0.1982,0.1906,0.2066,0.1988,0.20652
ALLE,0.235,0.1834,0.1658,0.175,0.2408,0.26912
