ID,Rank1,Rank2,Rank3,Rank4,Rank5,Decision
ABBV,0.181,0.216,0.2058,0.2086,0.1886,0.14256
ACN,0.2548,0.1562,0.159,0.1678,0.2622,0.31151
AEP,0.1444,0.228,0.2528,0.2356,0.1392,0.12759
AIZ,0.1892,0.2072,0.2126,0.208,0.183,0.1779
ALLE,0.2306,0.1926,0.1698,0.18,0.227,0.24044
