ID,Rank1,Rank2,Rank3,Rank4,Rank5,Decision
ABBV,0.16,0.2192,0.2322,0.2338,0.1548,0.12255
ACN,0.2636,0.16,0.158,0.1596,0.2588,0.28582
AEP,0.1464,0.2204,0.2428,0.2456,0.1448,0.12334
AIZ,0.1976,0.2192,0.1938,0.1866,0.2028,0.20408
ALLE,0.2324,0.1812,0.1732,0.1744,0.2388,0.26422
