ID,Rank1,Rank2,Rank3,Rank4,Rank5,Decision
ABBV,0.1772,0.2066,0.2308,0.2068,0.1786,0.14512
ACN,0.2632,0.1692,0.1396,0.1574,0.2706,0.30908
AEP,0.1374,0.2236,0.2528,0.2386,0.1476,0.12288
AIZ,0.1822,0.2224,0.2076,0.2138,0.174,0.18378
ALLE,0.24,0.1782,0.1692,0.1834,0.2292,0.23914
