ID,Rank1,Rank2,Rank3,Rank4,Rank5,Decision
ABBV,0.149,0.2286,0.2422,0.2246,0.1556,0.12396
ACN,0.2642,0.1632,0.143,0.1622,0.2674,0.29851
AEP,0.134,0.2318,0.2646,0.2332,0.1364,0.10809
AIZ,0.2104,0.1916,0.1894,0.204,0.2046,0.20795
ALLE,0.2424,0.1848,0.1608,0.176,0.236,0.26148
