ID,Rank1,Rank2,Rank3,Rank4,Rank5,Decision
ABBV,0.177,0.2112,0.2204,0.2084,0.183,0.14372
ACN,0.2648,0.167,0.1546,0.1688,0.2448,0.29956
AEP,0.1422,0.236,0.2436,0.2252,0.153,0.13564
AIZ,0.187,0.196,0.2134,0.2204,0.1832,0.18199
ALLE,0.229,0.1898,0.168,0.1772,0.236,0.2391
