ID,Rank1,Rank2,Rank3,Rank4,Rank5,Decision
ABBV,0.1762,0.2196,0.2112,0.2128,0.1802,0.14256
ACN,0.2646,0.1584,0.1574,0.1494,0.2702,0.31151
AEP,0.1358,0.2304,0.2534,0.2464,0.134,0.12759
AIZ,0.192,0.2054,0.205,0.2142,0.1834,0.1779
ALLE,0.2314,0.1862,0.173,0.1772,0.2322,0.24044
