ID,Rank1,Rank2,Rank3,Rank4,Rank5,Decision
ABBV,0.1656,0.217,0.2196,0.219,0.1788,0.13921
ACN,0.263,0.1614,0.1614,0.1638,0.2504,0.29478
AEP,0.153,0.2262,0.2342,0.2204,0.1662,0.15383
AIZ,0.1806,0.2124,0.2148,0.2116,0.1806,0.17127
ALLE,0.2378,0.183,0.17,0.1852,0.224,0.24091
