ID,Rank1,Rank2,Rank3,Rank4,Rank5,Decision
ABBV,0.182,0.2212,0.2168,0.2058,0.1742,0.14402
ACN,0.2548,0.1612,0.1524,0.1716,0.26,0.30011
AEP,0.1424,0.2358,0.244,0.2356,0.1422,0.13382
AIZ,0.1968,0.2034,0.2142,0.2032,0.1824,0.18422
ALLE,0.224,0.1784,0.1726,0.1838,0.2412,0.23783
