ID,Rank1,Rank2,Rank3,Rank4,Rank5,Decision
ABBV,0.1546,0.2342,0.229,0.2284,0.1538,0.1228
ACN,0.2718,0.149,0.1518,0.1576,0.2698,0.29597
AEP,0.139,0.236,0.251,0.2354,0.1386,0.10962
AIZ,0.1992,0.2016,0.1978,0.2004,0.201,0.20804
ALLE,0.2354,0.1792,0.1704,0.1782,0.2368,0.26358
