ID,Rank1,Rank2,Rank3,Rank4,Rank5,Decision
ABBV,0.1802,0.2136,0.2142,0.209,0.183,0.14359
ACN,0.2568,0.1638,0.1554,0.165,0.259,0.29968
AEP,0.1486,0.235,0.244,0.2286,0.1438,0.13564
AIZ,0.1828,0.2024,0.2134,0.2106,0.1908,0.18197
ALLE,0.2316,0.1852,0.173,0.1868,0.2234,0.23912
