ID,Rank1,Rank2,Rank3,Rank4,Rank5,Decision
ABBV,0.154,0.2362,0.2364,0.2222,0.1512,0.12448
ACN,0.263,0.162,0.144,0.1618,0.2692,0.29868
AEP,0.1398,0.2318,0.2516,0.2382,0.1386,0.10798
AIZ,0.2108,0.1932,0.1948,0.204,0.1972,0.20779
ALLE,0.2324,0.1768,0.1732,0.1738,0.2438,0.26108
