ID,Rank1,Rank2,Rank3,Rank4,Rank5,Decision
ABBV,0.155,0.2282,0.2308,0.2358,0.1502,0.12237
ACN,0.2708,0.1664,0.1398,0.1622,0.2608,0.28468
AEP,0.1364,0.2264,0.2578,0.2348,0.1446,0.12294
AIZ,0.1992,0.202,0.2048,0.1932,0.2008,0.20525
ALLE,0.2386,0.177,0.1668,0.174,0.2436,0.26478
