ID,Rank1,Rank2,Rank3,Rank4,Rank5,Decision
ABBV,0.178,0.209,0.214,0.2168,0.1822,0.14402
ACN,0.2608,0.1686,0.1576,0.149,0.264,0.30988
AEP,0.1468,0.2202,0.2552,0.2378,0.14,0.1265
AIZ,0.1868,0.2138,0.1994,0.2204,0.1796,0.17941
ALLE,0.2276,0.1884,0.1738,0.176,0.2342,0.24019
