ID,Rank1,Rank2,Rank3,Rank4,Rank5,Decision
ABBV,0.1538,0.2272,0.2356,0.226,0.1574,0.12346
ACN,0.2766,0.1604,0.1484,0.1552,0.2594,0.29833
AEP,0.132,0.237,0.2524,0.2386,0.14,0.10754
AIZ,0.1992,0.1952,0.1966,0.2008,0.2082,0.20315
ALLE,0.2384,0.1802,0.167,0.1794,0.235,0.26752
