ID,Rank1,Rank2,Rank3,Rank4,Rank5,Decision
ABBV,0.1786,0.2096,0.2102,0.2172,0.1844,0.14402
ACN,0.2598,0.1654,0.1548,0.1624,0.2576,0.30011
AEP,0.1434,0.2322,0.2538,0.2314,0.1392,0.13382
AIZ,0.1894,0.2088,0.2076,0.2006,0.1936,0.18422
ALLE,0.2288,0.184,0.1736,0.1884,0.2252,0.23783
