ID,Rank1,Rank2,Rank3,Rank4,Rank5,Decision
ABBV,0.158,0.2202,0.245,0.2218,0.155,0.12271
ACN,0.2678,0.1564,0.1522,0.1596,0.264,0.28501
AEP,0.1406,0.2282,0.2512,0.2398,0.1402,0.12261
AIZ,0.2008,0.2066,0.1906,0.1976,0.2044,0.20484
ALLE,0.2328,0.1886,0.161,0.1812,0.2364,0.26483
