ID,Rank1,Rank2,Rank3,Rank4,Rank5,Decision
ABBV,0.1744,0.2024,0.2122,0.2168,0.1942,0.14226
ACN,0.2624,0.1658,0.15,0.1612,0.2606,0.31145
AEP,0.144,0.2374,0.2586,0.2194,0.1406,0.12852
AIZ,0.1906,0.2098,0.2048,0.21,0.1848,0.17844
ALLE,0.2286,0.1846,0.1744,0.1926,0.2198,0.23933
