ID,Rank1,Rank2,Rank3,Rank4,Rank5,Decision
ABBV,0.154,0.2318,0.2372,0.214,0.163,0.1228
ACN,0.2656,0.1594,0.1546,0.1632,0.2572,0.29597
AEP,0.1352,0.2314,0.2504,0.2406,0.1424,0.10962
AIZ,0.1994,0.2022,0.2,0.1908,0.2076,0.20804
ALLE,0.2458,0.1752,0.1578,0.1914,0.2298,0.26358
