ID,Rank1,Rank2,Rank3,Rank4,Rank5,Decision
ABBV,0.1618,0.2248,0.2332,0.2308,0.1494,0.12233
ACN,0.2654,0.1596,0.1526,0.1636,0.2588,0.29156
AEP,0.1354,0.2386,0.2516,0.2312,0.1432,0.11039
AIZ,0.1988,0.2,0.1946,0.1948,0.2118,0.20671
ALLE,0.2386,0.177,0.168,0.1796,0.2368,0.269
