ID,Rank1,Rank2,Rank3,Rank4,Rank5,Decision
ABBV,0.1554,0.2186,0.2422,0.2306,0.1532,0.1219
ACN,0.2692,0.1642,0.1408,0.1566,0.2692,0.29858
AEP,0.1382,0.239,0.2508,0.2312,0.1408,0.10623
AIZ,0.1996,0.2014,0.1946,0.201,0.2034,0.20377
ALLE,0.2376,0.1768,0.1716,0.1806,0.2334,0.26952
