ID,Rank1,Rank2,Rank3,Rank4,Rank5,Decision
ABBV,0.1982,0.196,0.2,0.2106,0.1952,0.16086
ACN,0.2588,0.1694,0.1582,0.1584,0.2552,0.30063
AEP,0.1568,0.225,0.234,0.22,0.1642,0.16276
AIZ,0.1614,0.2224,0.2306,0.2214,0.1642,0.15107
ALLE,0.2248,0.1872,0.1772,0.1896,0.2212,0.22467
